[
    {
        "productType": "Foam",
        "name": "Material Test A15",
        "description": "Lorem ipsum dolor sits amet",
        "status": "Active"
    },
    {
        "productType": "Adhesives",
        "name": "Material Test A16",
        "description": "Lorem ipsum dolor sits amet",
        "status": "Active"
    },
    {
        "productType": "Film",
        "name": "Material Test A17",
        "description": "Lorem ipsum dolor sits amet",
        "status": "Active"
    },
    {
        "productType": "Rubber Sheet",
        "name": "Material Test A18",
        "description": "Lorem ipsum dolor sits amet",
        "status": "Active"
    },
    {
        "productType": "Foam",
        "name": "Material Test A19",
        "description": "Lorem ipsum dolor sits amet",
        "status": "Inctive"
    },
    {
        "productType": "Adhesives",
        "name": "Material Test A20",
        "description": "Lorem ipsum dolor sits amet",
        "status": "Inctive"
    },
    {
        "productType": "Film",
        "name": "Material Test A21",
        "description": "Lorem ipsum dolor sits amet",
        "status": "Inctive"
    },
    {
        "productType": "Rubber Sheet",
        "name": "Material Test A22",
        "description": "Lorem ipsum dolor sits amet",
        "status": "Inctive"
    },
    {
        "productType": "Foam",
        "name": "Material Test A23",
        "description": "Lorem ipsum dolor sits amet",
        "status": "Active"
    },
    {
        "productType": "Adhesives",
        "name": "Material Test A24",
        "description": "Lorem ipsum dolor sits amet",
        "status": "Active"
    },
    {
        "productType": "Film",
        "name": "Material Test A25",
        "description": "Lorem ipsum dolor sits amet",
        "status": "Active"
    },
    {
        "productType": "Rubber Sheet",
        "name": "Material Test A26",
        "description": "Lorem ipsum dolor sits amet",
        "status": "Active"
    },
    {
        "productType": "Foam",
        "name": "Material Test A27",
        "description": "Lorem ipsum dolor sits amet",
        "status": "Inctive"
    },
    {
        "productType": "Adhesives",
        "name": "Material Test A28",
        "description": "Lorem ipsum dolor sits amet",
        "status": "Inctive"
    },
    {
        "productType": "Film",
        "name": "Material Test A29",
        "description": "Lorem ipsum dolor sits amet",
        "status": "Inctive"
    },
    {
        "productType": "Rubber Sheet",
        "name": "Material Test A30",
        "description": "Lorem ipsum dolor sits amet",
        "status": "Inctive"
    }
]